emotion,count,percentage,class_weight,mean_pixel,std_pixel,min_pixel,max_pixel,contrast_ratio,augmentation_strategy,target_multiplier
Happy,8989,25.048067545350683,0.5703319930708962,130.27267838541667,63.80692803555842,0,255,0.48979516523628386,Flip,1.5
Neutral,6198,17.270878033828403,0.8271562255105334,124.59421831597223,65.43492308010465,0,255,0.5251842658875311,Flip,1.5
Sad,6077,16.93370858528158,0.8436258492207152,119.19080338541667,64.22072226537836,0,255,0.5388060189317924,Flip,1.5
Fear,5121,14.269791289324827,1.001115853488437,135.31900390625,65.39724046057671,0,255,0.483282011932961,Flip+Zoom+Rot,3.0
Angry,4953,13.801655195474686,1.035072539009547,128.15330034722223,65.03159883544168,0,255,0.5074516119307361,Flip,1.5
Surprise,4002,11.151670521358708,1.2810380524023703,146.25776475694445,64.77237417115091,0,255,0.4428645158005224,Flip,1.5
Disgust,547,1.524228829381113,9.372420997649517,134.09281370607354,61.61777464227525,0,255,0.45951586024094565,Flip+Rot+Bright,6.0
